Countycode,民國年月,YYYMM,十八尖山人次,青青草原人次,城隍廟人次,新竹漁港人次,賞蟹步道人次,青草湖人次,十七公里自行車道人次,新竹公園人次
"10018","11201","11201","34167","17673","245598","260716","38046","41519","73721","384687"
"10018","11202","11202","34751","15014","166791","175122","34190","39228","62421","369914"
"10018","11203","11203","45610.8609476852","17837.7725701847","165788.26937816","187129","40545","42695","69973","341713"
"10018","11204","11204","39497","17458","182563","270167","49752","41204","75510","379597"
"10018","11205","11205","42292","17701","155548","218298","44717","39577","69947","306380"
"10018","11206","11206","35614.8540405373","15798.7549641823","161052.589080679","239908.316084677","44140.6656374615","35024.6945089175","68128.3792929015","294764.945453618"